<?xml version='1.0' encoding='UTF-8'?>
<matrix-project>
  <actions/>
  <description></description>
  <keepDependencies>false</keepDependencies>
  <properties>
    <com.coravy.hudson.plugins.github.GithubProjectProperty plugin="github@1.4">
      <projectUrl>https://github.com/nltk/nltk/</projectUrl>
    </com.coravy.hudson.plugins.github.GithubProjectProperty>
  </properties>
  <scm class="hudson.plugins.git.GitSCM" plugin="git@1.1.26">
    <configVersion>2</configVersion>
    <userRemoteConfigs>
      <hudson.plugins.git.UserRemoteConfig>
        <name></name>
        <refspec></refspec>
        <url>git://github.com/nltk/nltk.git</url>
      </hudson.plugins.git.UserRemoteConfig>
    </userRemoteConfigs>
    <branches>
      <hudson.plugins.git.BranchSpec>
        <name>origin/develop</name>
      </hudson.plugins.git.BranchSpec>
    </branches>
    <disableSubmodules>false</disableSubmodules>
    <recursiveSubmodules>false</recursiveSubmodules>
    <doGenerateSubmoduleConfigurations>false</doGenerateSubmoduleConfigurations>
    <authorOrCommitter>false</authorOrCommitter>
    <clean>false</clean>
    <wipeOutWorkspace>false</wipeOutWorkspace>
    <pruneBranches>false</pruneBranches>
    <remotePoll>false</remotePoll>
    <ignoreNotifyCommit>false</ignoreNotifyCommit>
    <useShallowClone>false</useShallowClone>
    <buildChooser class="hudson.plugins.git.util.DefaultBuildChooser"/>
    <gitTool>Default</gitTool>
    <submoduleCfg class="list"/>
    <relativeTargetDir></relativeTargetDir>
    <reference></reference>
    <excludedRegions></excludedRegions>
    <excludedUsers></excludedUsers>
    <gitConfigName></gitConfigName>
    <gitConfigEmail></gitConfigEmail>
    <skipTag>false</skipTag>
    <includedRegions></includedRegions>
    <scmName></scmName>
  </scm>
  <canRoam>true</canRoam>
  <disabled>false</disabled>
  <blockBuildWhenDownstreamBuilding>false</blockBuildWhenDownstreamBuilding>
  <blockBuildWhenUpstreamBuilding>false</blockBuildWhenUpstreamBuilding>
  <triggers class="vector">
    <com.cloudbees.jenkins.GitHubPushTrigger plugin="github@1.4">
      <spec></spec>
    </com.cloudbees.jenkins.GitHubPushTrigger>
    <hudson.triggers.SCMTrigger>
      <spec>H/5 * * * *</spec>
      <ignorePostCommitHooks>false</ignorePostCommitHooks>
    </hudson.triggers.SCMTrigger>
  </triggers>
  <concurrentBuild>false</concurrentBuild>
  <axes>
    <jenkins.plugins.shiningpanda.matrix.ToxAxis plugin="shiningpanda@0.16">
      <name>TOXENV</name>
      <values>
        <string>py26-jenkins</string>
        <string>py32-jenkins</string>
      </values>
    </jenkins.plugins.shiningpanda.matrix.ToxAxis>
  </axes>
  <builders>
    <jenkins.plugins.shiningpanda.builders.ToxBuilder plugin="shiningpanda@0.16">
      <toxIni>tox.ini</toxIni>
      <recreate>false</recreate>
    </jenkins.plugins.shiningpanda.builders.ToxBuilder>
  </builders>
  <publishers>
    <hudson.plugins.cobertura.CoberturaPublisher plugin="cobertura@1.7.1">
      <coberturaReportFile>**/coverage.xml</coberturaReportFile>
      <onlyStable>false</onlyStable>
      <failUnhealthy>false</failUnhealthy>
      <failUnstable>false</failUnstable>
      <autoUpdateHealth>false</autoUpdateHealth>
      <autoUpdateStability>false</autoUpdateStability>
      <healthyTarget>
        <targets class="enum-map" enum-type="hudson.plugins.cobertura.targets.CoverageMetric">
          <entry>
            <hudson.plugins.cobertura.targets.CoverageMetric>CONDITIONAL</hudson.plugins.cobertura.targets.CoverageMetric>
            <int>7000000</int>
          </entry>
          <entry>
            <hudson.plugins.cobertura.targets.CoverageMetric>LINE</hudson.plugins.cobertura.targets.CoverageMetric>
            <int>8000000</int>
          </entry>
          <entry>
            <hudson.plugins.cobertura.targets.CoverageMetric>METHOD</hudson.plugins.cobertura.targets.CoverageMetric>
            <int>8000000</int>
          </entry>
        </targets>
      </healthyTarget>
      <unhealthyTarget>
        <targets class="enum-map" enum-type="hudson.plugins.cobertura.targets.CoverageMetric">
          <entry>
            <hudson.plugins.cobertura.targets.CoverageMetric>CONDITIONAL</hudson.plugins.cobertura.targets.CoverageMetric>
            <int>0</int>
          </entry>
          <entry>
            <hudson.plugins.cobertura.targets.CoverageMetric>LINE</hudson.plugins.cobertura.targets.CoverageMetric>
            <int>0</int>
          </entry>
          <entry>
            <hudson.plugins.cobertura.targets.CoverageMetric>METHOD</hudson.plugins.cobertura.targets.CoverageMetric>
            <int>0</int>
          </entry>
        </targets>
      </unhealthyTarget>
      <failingTarget>
        <targets class="enum-map" enum-type="hudson.plugins.cobertura.targets.CoverageMetric">
          <entry>
            <hudson.plugins.cobertura.targets.CoverageMetric>CONDITIONAL</hudson.plugins.cobertura.targets.CoverageMetric>
            <int>0</int>
          </entry>
          <entry>
            <hudson.plugins.cobertura.targets.CoverageMetric>LINE</hudson.plugins.cobertura.targets.CoverageMetric>
            <int>0</int>
          </entry>
          <entry>
            <hudson.plugins.cobertura.targets.CoverageMetric>METHOD</hudson.plugins.cobertura.targets.CoverageMetric>
            <int>0</int>
          </entry>
        </targets>
      </failingTarget>
      <sourceEncoding>ASCII</sourceEncoding>
    </hudson.plugins.cobertura.CoberturaPublisher>
    <hudson.tasks.junit.JUnitResultArchiver>
      <testResults>**/nosetests_scrubbed.xml</testResults>
      <keepLongStdio>false</keepLongStdio>
      <testDataPublishers/>
    </hudson.tasks.junit.JUnitResultArchiver>
    <hudson.plugins.violations.ViolationsPublisher plugin="violations@0.7.11">
      <config>
        <suppressions class="tree-set">
          <no-comparator/>
        </suppressions>
        <typeConfigs>
          <no-comparator/>
          <entry>
            <string>checkstyle</string>
            <hudson.plugins.violations.TypeConfig>
              <type>checkstyle</type>
              <min>10</min>
              <max>999</max>
              <unstable>999</unstable>
              <usePattern>false</usePattern>
              <pattern></pattern>
            </hudson.plugins.violations.TypeConfig>
          </entry>
          <entry>
            <string>codenarc</string>
            <hudson.plugins.violations.TypeConfig>
              <type>codenarc</type>
              <min>10</min>
              <max>999</max>
              <unstable>999</unstable>
              <usePattern>false</usePattern>
              <pattern></pattern>
            </hudson.plugins.violations.TypeConfig>
          </entry>
          <entry>
            <string>cpd</string>
            <hudson.plugins.violations.TypeConfig>
              <type>cpd</type>
              <min>10</min>
              <max>999</max>
              <unstable>999</unstable>
              <usePattern>false</usePattern>
              <pattern></pattern>
            </hudson.plugins.violations.TypeConfig>
          </entry>
          <entry>
            <string>cpplint</string>
            <hudson.plugins.violations.TypeConfig>
              <type>cpplint</type>
              <min>10</min>
              <max>999</max>
              <unstable>999</unstable>
              <usePattern>false</usePattern>
              <pattern></pattern>
            </hudson.plugins.violations.TypeConfig>
          </entry>
          <entry>
            <string>csslint</string>
            <hudson.plugins.violations.TypeConfig>
              <type>csslint</type>
              <min>10</min>
              <max>999</max>
              <unstable>999</unstable>
              <usePattern>false</usePattern>
              <pattern></pattern>
            </hudson.plugins.violations.TypeConfig>
          </entry>
          <entry>
            <string>findbugs</string>
            <hudson.plugins.violations.TypeConfig>
              <type>findbugs</type>
              <min>10</min>
              <max>999</max>
              <unstable>999</unstable>
              <usePattern>false</usePattern>
              <pattern></pattern>
            </hudson.plugins.violations.TypeConfig>
          </entry>
          <entry>
            <string>fxcop</string>
            <hudson.plugins.violations.TypeConfig>
              <type>fxcop</type>
              <min>10</min>
              <max>999</max>
              <unstable>999</unstable>
              <usePattern>false</usePattern>
              <pattern></pattern>
            </hudson.plugins.violations.TypeConfig>
          </entry>
          <entry>
            <string>gendarme</string>
            <hudson.plugins.violations.TypeConfig>
              <type>gendarme</type>
              <min>10</min>
              <max>999</max>
              <unstable>999</unstable>
              <usePattern>false</usePattern>
              <pattern></pattern>
            </hudson.plugins.violations.TypeConfig>
          </entry>
          <entry>
            <string>jcreport</string>
            <hudson.plugins.violations.TypeConfig>
              <type>jcreport</type>
              <min>10</min>
              <max>999</max>
              <unstable>999</unstable>
              <usePattern>false</usePattern>
              <pattern></pattern>
            </hudson.plugins.violations.TypeConfig>
          </entry>
          <entry>
            <string>jslint</string>
            <hudson.plugins.violations.TypeConfig>
              <type>jslint</type>
              <min>10</min>
              <max>999</max>
              <unstable>999</unstable>
              <usePattern>false</usePattern>
              <pattern></pattern>
            </hudson.plugins.violations.TypeConfig>
          </entry>
          <entry>
            <string>pep8</string>
            <hudson.plugins.violations.TypeConfig>
              <type>pep8</type>
              <min>10</min>
              <max>999</max>
              <unstable>999</unstable>
              <usePattern>false</usePattern>
              <pattern></pattern>
            </hudson.plugins.violations.TypeConfig>
          </entry>
          <entry>
            <string>perlcritic</string>
            <hudson.plugins.violations.TypeConfig>
              <type>perlcritic</type>
              <min>10</min>
              <max>999</max>
              <unstable>999</unstable>
              <usePattern>false</usePattern>
              <pattern></pattern>
            </hudson.plugins.violations.TypeConfig>
          </entry>
          <entry>
            <string>pmd</string>
            <hudson.plugins.violations.TypeConfig>
              <type>pmd</type>
              <min>10</min>
              <max>999</max>
              <unstable>999</unstable>
              <usePattern>false</usePattern>
              <pattern></pattern>
            </hudson.plugins.violations.TypeConfig>
          </entry>
          <entry>
            <string>pylint</string>
            <hudson.plugins.violations.TypeConfig>
              <type>pylint</type>
              <min>10</min>
              <max>999</max>
              <unstable>999</unstable>
              <usePattern>false</usePattern>
              <pattern>**/pylintoutput</pattern>
            </hudson.plugins.violations.TypeConfig>
          </entry>
          <entry>
            <string>simian</string>
            <hudson.plugins.violations.TypeConfig>
              <type>simian</type>
              <min>10</min>
              <max>999</max>
              <unstable>999</unstable>
              <usePattern>false</usePattern>
              <pattern></pattern>
            </hudson.plugins.violations.TypeConfig>
          </entry>
          <entry>
            <string>stylecop</string>
            <hudson.plugins.violations.TypeConfig>
              <type>stylecop</type>
              <min>10</min>
              <max>999</max>
              <unstable>999</unstable>
              <usePattern>false</usePattern>
              <pattern></pattern>
            </hudson.plugins.violations.TypeConfig>
          </entry>
        </typeConfigs>
        <limit>100</limit>
        <sourcePathPattern></sourcePathPattern>
        <fauxProjectPath></fauxProjectPath>
        <encoding>default</encoding>
      </config>
    </hudson.plugins.violations.ViolationsPublisher>
  </publishers>
  <buildWrappers>
    <EnvInjectBuildWrapper plugin="envinject@1.73">
      <info>
        <propertiesContent>PATH=/opt/local/bin:/opt/local/sbin:/usr/bin:/bin:/usr/sbin:/sbin:/usr/local/bin:/usr/X11/bin</propertiesContent>
        <loadFilesFromMaster>false</loadFilesFromMaster>
      </info>
    </EnvInjectBuildWrapper>
  </buildWrappers>
  <executionStrategy class="hudson.matrix.DefaultMatrixExecutionStrategyImpl">
    <runSequentially>false</runSequentially>
  </executionStrategy>
</matrix-project>
